Company Name,Industry,Sub-Industry,Employee Count,Annual Revenue ($M),Geography,Company Stage,Business Model,Tech Stack,Primary Pain Point,Buying Trigger,Target ACV ($),ICP Qualified (Y/N),Website Research & Behavior,Third-Party Intent Topics,Existing Connections & History,Named Key Contacts,Champion Status,Purchase Timeline & Readiness,Competitive Context
CloudBridge Solutions,Cloud Infrastructure,HealthTech SaaS,585,142,North America (US/CA),Growth,B2B Cloud Integration,"HubSpot CRM, Salesforce, Apollo.io",Inability to attribute marketing spend to closed-won pipeline,Recent Series B funding round / capital infusion,150000,Y,"Active: Multiple stakeholder visits, case study downloads","6sense In-Market: 'Cloud Infrastructure', 'Salesforce Migration'","Inbound webinar registrant, opened 3 nurture emails","David Ross (CIO), Elena Rostova (Procurement Lead)",Emerging Champion: Operations Lead experiencing acute pain,"Immediate (RFP currently open, deadline next month)",Locked with competitor incumbent (Contract renewal in 18 months)
Nexis Cloud Systems,Cloud Infrastructure,Cybersecurity & Compliance,522,127,Europe (UK/EU),Growth,B2B SaaS / Managed Services,"Salesforce, Pardot, Demandbase",Sales and marketing misalignment with fragmented outreach,Core technology migration / platform upgrade,500000,Y,"Evaluating: Repeated pricing page visits, security docs downloaded","6sense In-Market: 'Enterprise Security', 'Compliance Automation'",Warm intro via executive sponsor; attended Q2 industry roundtable,"Robert King (Managing Director), Amanda Cole (IT Director)",Identified: VP Mktg actively pushing for evaluation,"Active buying cycle (Q4 budget allocated, decision in 60 days)",Actively evaluating two competing consulting agencies
Aegis Tech Group,Enterprise Software,FinTech Solutions,310,60,Europe (UK/EU),Growth,B2B Professional Services,"Salesforce CRM, HubSpot Hub, ZoomInfo",Inability to attribute marketing spend to closed-won pipeline,Recent Series B funding round / capital infusion,500000,Y,"Low: Single website visit from IP range, no content downloads","Bombora Surge: 'Pipeline Attribution', 'B2B GTM Strategy'","Inbound webinar registrant, opened 3 nurture emails","Brian O'Connor (CEO), Kevin Wu (ServiceNow Practice Head)",Emerging Champion: Operations Lead experiencing acute pain,"Immediate (RFP currently open, deadline next month)",Evaluating build-in-house vs. external partner
Vanguard Integrators,Cloud Infrastructure,Cybersecurity & Compliance,339,54,Asia-Pacific (ANZ),Mid-Market Enterprise,B2B Professional Services,"Microsoft Dynamics, Marketo, ZoomInfo",High customer acquisition cost and low MQL-to-SQL velocity,Recent Series B funding round / capital infusion,250000,Y,"Evaluating: Repeated pricing page visits, security docs downloaded","Bombora Surge: 'ServiceNow Integration', 'ABM Automation' (Score: 85/100)","Cold account, zero prior touchpoints or meetings","David Ross (CIO), Elena Rostova (Procurement Lead)",Emerging Champion: Operations Lead experiencing acute pain,Near-term (3 to 6 months evaluation window),Greenfield / No incumbent solution in place
Pioneer Digital Services,Enterprise Software,Cybersecurity & Compliance,170,174,North America (US/CA),Mid-Market Enterprise,B2B SaaS / Managed Services,"HubSpot CRM, Salesforce, Apollo.io",Sales and marketing misalignment with fragmented outreach,Recent regional expansion / new office launch,150000,Y,"Evaluating: Repeated pricing page visits, security docs downloaded","Bombora Surge: 'ServiceNow Integration', 'ABM Automation' (Score: 85/100)","Cold account, zero prior touchpoints or meetings","David Ross (CIO), Elena Rostova (Procurement Lead)",Identified: VP Mktg actively pushing for evaluation,"Active buying cycle (Q4 budget allocated, decision in 60 days)",Dissatisfied with legacy regional agency/toolset
Apex ServiceNow Partner,FinTech SaaS,Cloud Infrastructure & DevOps,714,129,Asia-Pacific (ANZ),Mid-Market Enterprise,B2B Cloud Integration,"Salesforce, Pardot, Demandbase",High customer acquisition cost and low MQL-to-SQL velocity,Recent Series B funding round / capital infusion,250000,Y,"Moderate: 4 product page visits, webinar attendee",Low/None Detected (Pure outbound trigger),Warm intro via executive sponsor; attended Q2 industry roundtable,"Robert King (Managing Director), Amanda Cole (IT Director)",Identified: VP Mktg actively pushing for evaluation,Unclear timeline / dependent on fiscal budget approval,Actively evaluating two competing consulting agencies
Summit IT Consulting,FinTech SaaS,FinTech Solutions,711,120,Europe (UK/EU),Scaling Enterprise,B2B SaaS / Managed Services,"HubSpot CRM, Salesforce, Apollo.io",Lengthy sales cycles and lack of buying committee visibility,New compliance or security regulatory mandate,500000,Y,"Low: Single website visit from IP range, no content downloads",Low/None Detected (Pure outbound trigger),"Cold account, zero prior touchpoints or meetings","David Ross (CIO), Elena Rostova (Procurement Lead)",Identified: VP Mktg actively pushing for evaluation,"Long-term (12+ months, exploratory phase)",Evaluating build-in-house vs. external partner
Optima Cloud Solutions,FinTech SaaS,FinTech Solutions,311,83,Europe (UK/EU),Mature,B2B Cloud Integration,"Salesforce, Pardot, Demandbase",Low enterprise account penetration and untargeted campaigns,New compliance or security regulatory mandate,250000,Y,"Low: Single website visit from IP range, no content downloads","6sense In-Market: 'Cloud Infrastructure', 'Salesforce Migration'",Met at regional tech conference; requested follow-up,"David Ross (CIO), Elena Rostova (Procurement Lead)",Identified: VP Mktg actively pushing for evaluation,"Immediate (RFP currently open, deadline next month)",Actively evaluating two competing consulting agencies
BlueMatrix Technologies,Enterprise Software,FinTech Solutions,202,121,North America (US/CA),Mid-Market Enterprise,B2B Professional Services,"Salesforce CRM, HubSpot Hub, ZoomInfo",High customer acquisition cost and low MQL-to-SQL velocity,New compliance or security regulatory mandate,500000,Y,"Low: Single website visit from IP range, no content downloads","Bombora Surge: 'Pipeline Attribution', 'B2B GTM Strategy'","Cold account, zero prior touchpoints or meetings","Robert King (Managing Director), Amanda Cole (IT Director)",Moderate Champion: IT Director supportive of integration,"Long-term (12+ months, exploratory phase)",Evaluating build-in-house vs. external partner
Stratagem Software,IT Services & Consulting,Cybersecurity & Compliance,670,104,Asia-Pacific (ANZ),Mature,B2B Cloud Integration,"Salesforce CRM, HubSpot Hub, ZoomInfo",Inability to attribute marketing spend to closed-won pipeline,Recent Series B funding round / capital infusion,500000,Y,"Evaluating: Repeated pricing page visits, security docs downloaded","Bombora Surge: 'Pipeline Attribution', 'B2B GTM Strategy'","Inbound webinar registrant, opened 3 nurture emails","Robert King (Managing Director), Amanda Cole (IT Director)",Strong Champion: Former user advocating internally,"Long-term (12+ months, exploratory phase)",Evaluating build-in-house vs. external partner
Meridian IT Solutions,Enterprise Software,HealthTech SaaS,528,72,Asia-Pacific (ANZ),Scaling Enterprise,B2B Professional Services,"Salesforce, Pardot, Demandbase",Low enterprise account penetration and untargeted campaigns,Core technology migration / platform upgrade,150000,Y,"Active: Multiple stakeholder visits, case study downloads",Low/None Detected (Pure outbound trigger),"Inbound webinar registrant, opened 3 nurture emails","Sarah Jenkins (CEO), Marcus Vance (CTO), Lisa Ray (VP Mktg)",Strong Champion: Former user advocating internally,"Active buying cycle (Q4 budget allocated, decision in 60 days)",Greenfield / No incumbent solution in place
Crestview Cloud Group,HealthTech Solutions,FinTech Solutions,197,72,Asia-Pacific (ANZ),Mid-Market Enterprise,B2B SaaS / Managed Services,"Microsoft Dynamics, Marketo, ZoomInfo",Inability to attribute marketing spend to closed-won pipeline,Recent regional expansion / new office launch,350000,Y,"Low: Single website visit from IP range, no content downloads","Bombora Surge: 'Pipeline Attribution', 'B2B GTM Strategy'","Inbound webinar registrant, opened 3 nurture emails","Brian O'Connor (CEO), Kevin Wu (ServiceNow Practice Head)",Identified: VP Mktg actively pushing for evaluation,"Long-term (12+ months, exploratory phase)",Evaluating build-in-house vs. external partner
OmniTech Systems,IT Services & Consulting,Outsourced Digital Marketing (Outside ICP),611,140,North America (US/CA),Scaling Enterprise,B2B Cloud Integration,"Microsoft Dynamics, Marketo, ZoomInfo",Low enterprise account penetration and untargeted campaigns,"General trigger pattern noted, no specific event",350000,Partial,"Evaluating: Repeated pricing page visits, security docs downloaded","Bombora Surge: 'Pipeline Attribution', 'B2B GTM Strategy'","Inbound webinar registrant, opened 3 nurture emails","Brian O'Connor (CEO), Kevin Wu (ServiceNow Practice Head)",Strong Champion: Former user advocating internally,"Long-term (12+ months, exploratory phase)",Actively evaluating two competing consulting agencies
Pinnacle Enterprise Tech,IT Services & Consulting,Cybersecurity & Compliance,610,81,North America (US/CA),Mid-Market Enterprise,B2B SaaS / Managed Services,"HubSpot, ZoomInfo, Clearbit",High customer acquisition cost and low MQL-to-SQL velocity,"General trigger pattern noted, no specific event",350000,Partial,"Moderate: 4 product page visits, webinar attendee","Bombora Surge: 'ServiceNow Integration', 'ABM Automation' (Score: 85/100)",Met at regional tech conference; requested follow-up,"David Ross (CIO), Elena Rostova (Procurement Lead)",Strong Champion: Former user advocating internally,"Long-term (12+ months, exploratory phase)",Evaluating build-in-house vs. external partner
Veritas Cloud Partners,Cloud Infrastructure,Cloud Infrastructure & DevOps,185,68,Asia-Pacific (ANZ),Scaling Enterprise,B2B SaaS / Managed Services,"HubSpot CRM, Salesforce, Apollo.io",High customer acquisition cost and low MQL-to-SQL velocity,"General trigger pattern noted, no specific event",150000,Partial,"Active: Multiple stakeholder visits, case study downloads",Low/None Detected (Pure outbound trigger),Past customer at former employer (strong warmth),"Brian O'Connor (CEO), Kevin Wu (ServiceNow Practice Head)",Identified: VP Mktg actively pushing for evaluation,"Long-term (12+ months, exploratory phase)",Greenfield / No incumbent solution in place
AlphaCentric IT,FinTech SaaS,HealthTech SaaS,177,173,Europe (UK/EU),Scaling Enterprise,B2B Cloud Integration,"HubSpot CRM, Salesforce, Apollo.io",Lengthy sales cycles and lack of buying committee visibility,"General trigger pattern noted, no specific event",500000,Partial,"Moderate: 4 product page visits, webinar attendee","6sense In-Market: 'Enterprise Security', 'Compliance Automation'",Warm intro via executive sponsor; attended Q2 industry roundtable,"David Ross (CIO), Elena Rostova (Procurement Lead)",Strong Champion: Former user advocating internally,"Long-term (12+ months, exploratory phase)",Greenfield / No incumbent solution in place
Novus Tech Services,IT Services & Consulting,Outsourced Digital Marketing (Outside ICP),25,8,North America (US/CA),Growth,B2B Cloud Integration,"Microsoft Dynamics, Marketo, ZoomInfo",Low enterprise account penetration and untargeted campaigns,No trigger identified,350000,N,"Active: Multiple stakeholder visits, case study downloads",Low/None Detected (Pure outbound trigger),"Inbound webinar registrant, opened 3 nurture emails","Sarah Jenkins (CEO), Marcus Vance (CTO), Lisa Ray (VP Mktg)",Emerging Champion: Operations Lead experiencing acute pain,Unclear timeline / no timeline stated,Contract locked with competitor (no near-term opportunity)
Quantum Integration Group,Cloud Infrastructure,Outsourced Digital Marketing (Outside ICP),45,12,Europe (UK/EU),Mid-Market Enterprise,B2B Professional Services,"Salesforce, Pardot, Demandbase",Low enterprise account penetration and untargeted campaigns,No trigger identified,500000,N,"Evaluating: Repeated pricing page visits, security docs downloaded","6sense In-Market: 'Enterprise Security', 'Compliance Automation'","Cold account, zero prior touchpoints or meetings","Robert King (Managing Director), Amanda Cole (IT Director)",None identified yet (Enterprise gatekeeper barrier),Unclear timeline / no timeline stated,Contract locked with competitor (no near-term opportunity)
Zenith Software Partners,Enterprise Software,Outsourced Digital Marketing (Outside ICP),25,8,Asia-Pacific (ANZ),Growth,B2B Professional Services,"Salesforce CRM, HubSpot Hub, ZoomInfo",Low enterprise account penetration and untargeted campaigns,No trigger identified,250000,N,"High: 15+ pricing page visits, downloaded ROI model & whitepaper","Bombora Surge: 'ServiceNow Integration', 'ABM Automation' (Score: 85/100)","Inbound webinar registrant, opened 3 nurture emails","Robert King (Managing Director), Amanda Cole (IT Director)",None identified yet (Enterprise gatekeeper barrier),Unclear timeline / no timeline stated,Contract locked with competitor (no near-term opportunity)
Helix Cloud Solutions,FinTech SaaS,Outsourced Digital Marketing (Outside ICP),25,650,Europe (UK/EU),Mature,B2B Professional Services,"Salesforce CRM, HubSpot Hub, ZoomInfo",Low enterprise account penetration and untargeted campaigns,No trigger identified,250000,N,"Active: Multiple stakeholder visits, case study downloads","6sense In-Market: 'Cloud Infrastructure', 'Salesforce Migration'","Cold account, zero prior touchpoints or meetings","Robert King (Managing Director), Amanda Cole (IT Director)",Identified: VP Mktg actively pushing for evaluation,Unclear timeline / no timeline stated,Contract locked with competitor (no near-term opportunity)
