Criterion,Criterion Name,Required V2 Fields,Evidence Standard,Current Coverage,Schema Action,Missing / Review Rule
C1,Industry / Segment Match,Industry; Sub-Industry,"Compare Industry and Sub-Industry against each completed ICP profile independently. Score 10 only when both align to the same primary ICP profile. Explicit ICP exclusions override broader industry matches and score 2. Do not combine matches across different ICP profiles.",Yes,Keep,Blank industry/subindustry -> NS; category disagreement -> review
C2,Company Size,Employee Count; Annual Revenue ($M),Both measures compared with ICP range,Yes,Keep,Revenue estimate/unusual revenue per employee -> review
C3,Technology Stack,CRM / Sales Engagement; Cloud Infrastructure; Data / Analytics; Intent / ABM Platform; Marketing Automation; Technology Evidence Date,Required/preferred/incompatible technology evidence,Partial,Expand,Thin/incomplete tech -> NS
C4,Geography / Compliance,Geography; SOC 2 Type II; ISO 27001; GDPR Ready; HIPAA Ready; Compliance Evidence Date,Served geography plus applicable compliance frameworks,Partial,Expand,Absent compliance -> NS
C5,Intent Signals,Intent Signal 1–4 Type + Date,"Count only affirmative signal types with dates for 30/90-day windows. Explicit negative values such as Verified no website/content/third-party/sales signal are evidence of absence and are not signals.",Partial,Add dates,"Blank -> NS; >90d positive signal absent; all structured categories explicitly negative -> score 2"
C6,Buying Triggers,Trigger Type; Trigger Date,"Relevant positive trigger type + event date. Explicit negative values such as Verified no trigger or No trigger identified are evidence of absence, not trigger events.",Partial,Add dates,"Blank trigger evidence -> NS; explicit no-trigger with no positive trigger -> score 2; leadership change -> review"
C7,Decision Timeline,Purchase Timeline & Readiness,Explicit RFP/evaluation/decision horizon,Mostly,Standardize,"If inferred, cap at 6 + review"
C8,Competitive Context,Incumbent / Competitor; Incumbent Satisfaction; Contract Renewal Date,"Incumbent, satisfaction, and renewal timing",Partial,Split fields,Unknown renewal -> band 4
C9,Annual Contract Value,Target ACV ($),Estimated first-year ACV,Yes,Keep,Edge values follow rubric
C10,Expansion Potential,Applicable TargetOrate Products; Departments / Units in Scope,Product count + organizational breadth,Partial,Expand,Cite reason for products counted
C11,Strategic Value,Annual Revenue ($M); Employee Count; Referenceability Evidence; Partnership Ecosystem Evidence,Market leader + referenceability + partnership tests,Partial,Add evidence,Do not award unavailable tests
C12,Win Probability,Budget Status; Competitive Context; TargetOrate historical baseline,Budget + competition + similar-deal win baseline,Partial,Add budget evidence,Do not infer budget
C13,Existing Connections,Existing Connections & History; Named Key Contacts; Last Contact Date; Role Verification Date,"Existing Connections & History determines relationship strength; Named Key Contacts establishes identity/title only and cannot create an active relationship. Apply contact and role recency after relationship band selection.",Partial,Add dates,"Blank Existing Connections & History -> NS; explicit cold/zero-touch -> score 2; marketing-only/past-event evidence remains weak; unverified role >6mo caps at 6 + review"
C14,Engagement History,Champion Status; Customer Status; Last Meeting / Demo / Event Date; Existing Connections & History,"Evaluate Customer Status first, then Champion Status. Explicit current internal advocacy/action = active champion and score 10; identified/supportive without active advocacy = 8; absent champion uses direct/marketing engagement bands.",Mostly,Standardize,"Unhappy churn -> score 3 + review; none identified does not increase score; material customer/champion conflict -> review"
